{
    "1plog::era5625/tp": {
        "mean": 0.00010232715430902317,
        "std": 0.000401621509809047
    },
    "1plog::imerg5625/precipitationcal": {
        "mean": 0.04807817563414574,
        "std": 0.21407566964626312
    },
    "era5625/ciwc_300hPa": {
        "mean": 4.074635398865212e-06,
        "std": 1.996555511141196e-05
    },
    "era5625/ciwc_500hPa": {
        "mean": 3.881124939653091e-06,
        "std": 1.3079568816465326e-05
    },
    "era5625/ciwc_850hPa": {
        "mean": 1.712335915726726e-06,
        "std": 5.445999249786837e-06
    },
    "era5625/clwc_300hPa": {
        "mean": 2.9467773998703706e-08,
        "std": 2.243578819616232e-06
    },
    "era5625/clwc_500hPa": {
        "mean": 3.5341997772775358e-06,
        "std": 1.8467679183231667e-05
    },
    "era5625/clwc_850hPa": {
        "mean": 1.715613871056121e-05,
        "std": 4.508942583925091e-05
    },
    "era5625/lat2d": {
        "mean": 0.0,
        "std": 51.93614196777344
    },
    "era5625/lon2d": {
        "mean": 177.1875,
        "std": 103.91035461425781
    },
    "era5625/lsm": {
        "mean": 0.3370782732963562,
        "std": 0.459003746509552
    },
    "era5625/orography": {
        "mean": 379.4975891113281,
        "std": 859.8722534179688
    },
    "era5625/q_300hPa": {
        "mean": 0.0001317433052463457,
        "std": 0.00017504238348919898
    },
    "era5625/q_500hPa": {
        "mean": 0.0008897155057638884,
        "std": 0.001122326240874827
    },
    "era5625/q_850hPa": {
        "mean": 0.00467934412881732,
        "std": 0.004145464394241571
    },
    "era5625/slt": {
        "mean": 0.6792043447494507,
        "std": 1.1688841581344604
    },
    "era5625/sp": {
        "mean": 96661.5546875,
        "std": 9642.8544921875
    },
    "era5625/t2m": {
        "mean": 279.09906005859375,
        "std": 20.908159255981445
    },
    "era5625/t_300hPa": {
        "mean": 229.20350646972656,
        "std": 10.7034273147583
    },
    "era5625/t_500hPa": {
        "mean": 253.34141540527344,
        "std": 12.95738697052002
    },
    "era5625/t_850hPa": {
        "mean": 275.06121826171875,
        "std": 15.381122589111328
    },
    "era5625/tp": {
        "mean": 0.00010241532436339185,
        "std": 0.00040276843355968595
    },
    "era5625/z_300hPa": {
        "mean": 89554.65625,
        "std": 5082.7568359375
    },
    "era5625/z_500hPa": {
        "mean": 54198.89453125,
        "std": 3353.39453125
    },
    "era5625/z_850hPa": {
        "mean": 13767.50390625,
        "std": 1486.5418701171875
    },
    "imerg5625/precipitationcal": {
        "mean": 0.09452106058597565,
        "std": 0.7058719992637634
    },
    "simsat5625/clbt:0": {
        "mean": 237.0115203857422,
        "std": 7.813484191894531
    },
    "simsat5625/clbt:1": {
        "mean": 251.81748962402344,
        "std": 12.39886474609375
    },
    "simsat5625/clbt:2": {
        "mean": 269.04754638671875,
        "std": 22.19377326965332
    }
}