{
    "1plog::era5625/tp": {
        "mean": 9.981045877793804e-05,
        "std": 0.0003737492661457509
    },
    "1plog::imerg5625/precipitationcal": {
        "mean": 0.04788779839873314,
        "std": 0.21598206460475922
    },
    "era5625/ciwc_300hPa": {
        "mean": 3.962032224080758e-06,
        "std": 1.9191713363397866e-05
    },
    "era5625/ciwc_500hPa": {
        "mean": 3.849920176435262e-06,
        "std": 1.2940173292008694e-05
    },
    "era5625/ciwc_850hPa": {
        "mean": 1.7343708123007673e-06,
        "std": 5.451817742141429e-06
    },
    "era5625/clwc_300hPa": {
        "mean": 1.805662108722572e-08,
        "std": 1.6793291024441714e-06
    },
    "era5625/clwc_500hPa": {
        "mean": 3.3815351798693882e-06,
        "std": 1.7503703929833136e-05
    },
    "era5625/clwc_850hPa": {
        "mean": 1.7382071746396832e-05,
        "std": 4.577460640575737e-05
    },
    "era5625/lat2d": {
        "mean": 0.0,
        "std": 51.93614196777344
    },
    "era5625/lon2d": {
        "mean": 177.1875,
        "std": 103.91035461425781
    },
    "era5625/lsm": {
        "mean": 0.3370782732963562,
        "std": 0.459003746509552
    },
    "era5625/orography": {
        "mean": 379.4975891113281,
        "std": 859.8722534179688
    },
    "era5625/q_300hPa": {
        "mean": 0.00012742435501422733,
        "std": 0.00016826670616865158
    },
    "era5625/q_500hPa": {
        "mean": 0.0008531111525371671,
        "std": 0.0010778913274407387
    },
    "era5625/q_850hPa": {
        "mean": 0.004570512101054192,
        "std": 0.004106701351702213
    },
    "era5625/slt": {
        "mean": 0.6792043447494507,
        "std": 1.1688841581344604
    },
    "era5625/sp": {
        "mean": 96696.9609375,
        "std": 9652.5927734375
    },
    "era5625/t2m": {
        "mean": 278.5038757324219,
        "std": 21.239084243774414
    },
    "era5625/t_300hPa": {
        "mean": 228.8600616455078,
        "std": 10.72099781036377
    },
    "era5625/t_500hPa": {
        "mean": 252.9261474609375,
        "std": 13.068572998046875
    },
    "era5625/t_850hPa": {
        "mean": 274.57611083984375,
        "std": 15.585567474365234
    },
    "era5625/tp": {
        "mean": 9.988588863052428e-05,
        "std": 0.0003746792790479958
    },
    "era5625/z_300hPa": {
        "mean": 89407.40625,
        "std": 5094.4228515625
    },
    "era5625/z_500hPa": {
        "mean": 54111.0625,
        "std": 3355.026123046875
    },
    "era5625/z_850hPa": {
        "mean": 13748.427734375,
        "std": 1472.0947265625
    },
    "imerg5625/precipitationcal": {
        "mean": 0.09612467885017395,
        "std": 0.7596922516822815
    },
    "simsat5625/clbt:0": {
        "mean": 236.9783477783203,
        "std": 7.888313293457031
    },
    "simsat5625/clbt:1": {
        "mean": 251.77040100097656,
        "std": 12.534334182739258
    },
    "simsat5625/clbt:2": {
        "mean": 268.89752197265625,
        "std": 22.21075439453125
    }
}