{
    "1plog::era5625/tp": {
        "mean": 0.0001017941176542081,
        "std": 0.00040879662265069783
    },
    "1plog::imerg5625/precipitationcal": {
        "mean": 0.047552842646837234,
        "std": 0.21335327625274658
    },
    "era5625/ciwc_300hPa": {
        "mean": 4.032832293887623e-06,
        "std": 2.0058865629835054e-05
    },
    "era5625/ciwc_500hPa": {
        "mean": 3.87251657230081e-06,
        "std": 1.3076591130811721e-05
    },
    "era5625/ciwc_850hPa": {
        "mean": 1.6551554153920733e-06,
        "std": 5.288734882924473e-06
    },
    "era5625/clwc_300hPa": {
        "mean": 3.580080232268301e-08,
        "std": 2.60587444245175e-06
    },
    "era5625/clwc_500hPa": {
        "mean": 3.5812354326481e-06,
        "std": 1.859859003161546e-05
    },
    "era5625/clwc_850hPa": {
        "mean": 1.7308886526734568e-05,
        "std": 4.5802691602148116e-05
    },
    "era5625/lat2d": {
        "mean": 0.0,
        "std": 51.93614196777344
    },
    "era5625/lon2d": {
        "mean": 177.1875,
        "std": 103.91035461425781
    },
    "era5625/lsm": {
        "mean": 0.3370782732963562,
        "std": 0.459003746509552
    },
    "era5625/orography": {
        "mean": 379.4975891113281,
        "std": 859.8722534179688
    },
    "era5625/q_300hPa": {
        "mean": 0.0001348510995740071,
        "std": 0.00017957847740035504
    },
    "era5625/q_500hPa": {
        "mean": 0.0009002968436107039,
        "std": 0.0011349129490554333
    },
    "era5625/q_850hPa": {
        "mean": 0.004709702916443348,
        "std": 0.004195161163806915
    },
    "era5625/slt": {
        "mean": 0.6792043447494507,
        "std": 1.1688841581344604
    },
    "era5625/sp": {
        "mean": 96690.9296875,
        "std": 9623.365234375
    },
    "era5625/t2m": {
        "mean": 279.14581298828125,
        "std": 21.12673568725586
    },
    "era5625/t_300hPa": {
        "mean": 229.43798828125,
        "std": 10.761752128601074
    },
    "era5625/t_500hPa": {
        "mean": 253.47357177734375,
        "std": 13.040901184082031
    },
    "era5625/t_850hPa": {
        "mean": 275.2270202636719,
        "std": 15.513626098632812
    },
    "era5625/tp": {
        "mean": 0.00010188626765739173,
        "std": 0.0004100216319784522
    },
    "era5625/z_300hPa": {
        "mean": 89640.796875,
        "std": 5096.0185546875
    },
    "era5625/z_500hPa": {
        "mean": 54256.75390625,
        "std": 3352.83251953125
    },
    "era5625/z_850hPa": {
        "mean": 13802.462890625,
        "std": 1460.9244384765625
    },
    "imerg5625/precipitationcal": {
        "mean": 0.09389674663543701,
        "std": 0.7125973701477051
    },
    "simsat5625/clbt:0": {
        "mean": 237.13368225097656,
        "std": 7.68720817565918
    },
    "simsat5625/clbt:1": {
        "mean": 252.09471130371094,
        "std": 12.202248573303223
    },
    "simsat5625/clbt:2": {
        "mean": 269.1205139160156,
        "std": 21.72414779663086
    }
}