{
    "1plog::era5625/tp": {
        "mean": 0.00010132892930414528,
        "std": 0.000391952256904915
    },
    "1plog::imerg5625/precipitationcal": {
        "mean": 0.04824421554803848,
        "std": 0.21689410507678986
    },
    "era5625/ciwc_300hPa": {
        "mean": 4.024744157504756e-06,
        "std": 1.9663053535623476e-05
    },
    "era5625/ciwc_500hPa": {
        "mean": 3.8813036553619895e-06,
        "std": 1.3047414540778846e-05
    },
    "era5625/ciwc_850hPa": {
        "mean": 1.7356674106849823e-06,
        "std": 5.472066732181702e-06
    },
    "era5625/clwc_300hPa": {
        "mean": 2.4725551384108257e-08,
        "std": 2.0352265437395545e-06
    },
    "era5625/clwc_500hPa": {
        "mean": 3.4699708066909807e-06,
        "std": 1.8168990209233016e-05
    },
    "era5625/clwc_850hPa": {
        "mean": 1.7463022231822833e-05,
        "std": 4.569104203255847e-05
    },
    "era5625/lat2d": {
        "mean": 0.0,
        "std": 51.93614196777344
    },
    "era5625/lon2d": {
        "mean": 177.1875,
        "std": 103.91035461425781
    },
    "era5625/lsm": {
        "mean": 0.3370782732963562,
        "std": 0.459003746509552
    },
    "era5625/orography": {
        "mean": 379.4975891113281,
        "std": 859.8722534179688
    },
    "era5625/q_300hPa": {
        "mean": 0.00013101613149046898,
        "std": 0.00017383853264618665
    },
    "era5625/q_500hPa": {
        "mean": 0.0008753924630582333,
        "std": 0.001109140575863421
    },
    "era5625/q_850hPa": {
        "mean": 0.004605869762599468,
        "std": 0.004122736398130655
    },
    "era5625/slt": {
        "mean": 0.6792043447494507,
        "std": 1.1688841581344604
    },
    "era5625/sp": {
        "mean": 96670.375,
        "std": 9653.7138671875
    },
    "era5625/t2m": {
        "mean": 278.7900390625,
        "std": 21.1552734375
    },
    "era5625/t_300hPa": {
        "mean": 229.08236694335938,
        "std": 10.754820823669434
    },
    "era5625/t_500hPa": {
        "mean": 253.1505126953125,
        "std": 13.043668746948242
    },
    "era5625/t_850hPa": {
        "mean": 274.7486267089844,
        "std": 15.535614967346191
    },
    "era5625/tp": {
        "mean": 0.00010141224629478529,
        "std": 0.000393031194107607
    },
    "era5625/z_300hPa": {
        "mean": 89490.7578125,
        "std": 5091.87841796875
    },
    "era5625/z_500hPa": {
        "mean": 54158.9453125,
        "std": 3355.55419921875
    },
    "era5625/z_850hPa": {
        "mean": 13763.185546875,
        "std": 1474.3167724609375
    },
    "imerg5625/precipitationcal": {
        "mean": 0.09697847068309784,
        "std": 0.7662108540534973
    },
    "simsat5625/clbt:0": {
        "mean": 236.9783477783203,
        "std": 7.888313293457031
    },
    "simsat5625/clbt:1": {
        "mean": 251.77040100097656,
        "std": 12.534334182739258
    },
    "simsat5625/clbt:2": {
        "mean": 268.89752197265625,
        "std": 22.21075439453125
    }
}