{
    "1plog::era5625/tp": {
        "mean": 0.00010117772035300732,
        "std": 0.00038926879642531276
    },
    "1plog::imerg5625/precipitationcal": {
        "mean": 0.047896530479192734,
        "std": 0.21623234450817108
    },
    "era5625/ciwc_300hPa": {
        "mean": 4.038937731820624e-06,
        "std": 1.9641447579488158e-05
    },
    "era5625/ciwc_500hPa": {
        "mean": 3.880424173985375e-06,
        "std": 1.3040525118412916e-05
    },
    "era5625/ciwc_850hPa": {
        "mean": 1.7265290352952434e-06,
        "std": 5.4465622270072345e-06
    },
    "era5625/clwc_300hPa": {
        "mean": 2.3328139420186744e-08,
        "std": 1.963040404007188e-06
    },
    "era5625/clwc_500hPa": {
        "mean": 3.470940100669395e-06,
        "std": 1.809844070521649e-05
    },
    "era5625/clwc_850hPa": {
        "mean": 1.7431688320357352e-05,
        "std": 4.5697161112912e-05
    },
    "era5625/lat2d": {
        "mean": 0.0,
        "std": 51.93614196777344
    },
    "era5625/lon2d": {
        "mean": 177.1875,
        "std": 103.91035461425781
    },
    "era5625/lsm": {
        "mean": 0.3370782732963562,
        "std": 0.459003746509552
    },
    "era5625/orography": {
        "mean": 379.4975891113281,
        "std": 859.8722534179688
    },
    "era5625/q_300hPa": {
        "mean": 0.00013051266432739794,
        "std": 0.00017297286831308156
    },
    "era5625/q_500hPa": {
        "mean": 0.0008699031313881278,
        "std": 0.0011031731264665723
    },
    "era5625/q_850hPa": {
        "mean": 0.004596292041242123,
        "std": 0.004117097705602646
    },
    "era5625/slt": {
        "mean": 0.6792043447494507,
        "std": 1.1688841581344604
    },
    "era5625/sp": {
        "mean": 96672.1328125,
        "std": 9646.748046875
    },
    "era5625/t2m": {
        "mean": 278.7690734863281,
        "std": 21.161643981933594
    },
    "era5625/t_300hPa": {
        "mean": 229.04635620117188,
        "std": 10.736078262329102
    },
    "era5625/t_500hPa": {
        "mean": 253.13241577148438,
        "std": 13.03946304321289
    },
    "era5625/t_850hPa": {
        "mean": 274.7433166503906,
        "std": 15.543451309204102
    },
    "era5625/tp": {
        "mean": 0.00010125964035978541,
        "std": 0.00039031924097798765
    },
    "era5625/z_300hPa": {
        "mean": 89486.6640625,
        "std": 5084.31396484375
    },
    "era5625/z_500hPa": {
        "mean": 54157.7734375,
        "std": 3348.290771484375
    },
    "era5625/z_850hPa": {
        "mean": 13764.474609375,
        "std": 1467.3331298828125
    },
    "imerg5625/precipitationcal": {
        "mean": 0.09633872658014297,
        "std": 0.7651622295379639
    },
    "simsat5625/clbt:0": {
        "mean": 236.9783477783203,
        "std": 7.888313293457031
    },
    "simsat5625/clbt:1": {
        "mean": 251.77040100097656,
        "std": 12.534334182739258
    },
    "simsat5625/clbt:2": {
        "mean": 268.89752197265625,
        "std": 22.21075439453125
    }
}